"";"species";"habitat";"body size"
"1";"Agkistrodon_bilineatus";1;2,932346908
"2";"Agkistrodon_contortrix";1;2,981456167
"3";"Agkistrodon_howardgloydi";1;2,875061263
"4";"Agkistrodon_piscivorus";1;2,949145952
"5";"Agkistrodon_taylori";1;2,811575006
"6";"Atheris_barbouri";3;2,450249108
"7";"Atheris_ceratophora";4;2,562292864
"8";"Atheris_chlorechis";4;2,662285516
"9";"Atheris_desaixi";4;2,675319983
"10";"Atheris_hispida";4;2,676327734
"11";"Atheris_matildae";4;2,731991449
"12";"Atheris_nitschei";4;2,718224804
"13";"Atheris_squamigera";4;2,630682071
"14";"Atropoides_indomitus";3;2,761175813
"15";"Atropoides_mexicanus";1;2,871183608
"16";"Atropoides_nummifer";3;2,770483809
"17";"Atropoides_occiduus";3;2,823311175
"18";"Atropoides_olmec";3;2,765916794
"19";"Atropoides_picadoi";3;3,032618761
"20";"Azemiops_feae";1;2,756636108
"21";"Bitis_arietans";1;2,914754393
"22";"Bitis_armata";2;2,348304863
"23";"Bitis_atropos";2;2,692670699
"24";"Bitis_caudalis";2;2,469822016
"25";"Bitis_cornuta";2;2,639984248
"26";"Bitis_gabonica";3;3,058362749
"27";"Bitis_nasicornis";3;2,916015046
"28";"Bitis_peringueyi";2;2,414416203
"29";"Bitis_rhinoceros";3;3,130976692
"30";"Bitis_schneideri";2;2,336459734
"31";"Bitis_worthingtoni";2;2,553073531
"32";"Bitis_xeropaga";2;2,591064607
"33";"Bothriechis_aurifer";4;2,867299091
"34";"Bothriechis_bicolor";4;2,811407422
"35";"Bothriechis_guifarroi";4;2,814913181
"36";"Bothriechis_lateralis";4;2,832153952
"37";"Bothriechis_marchi";4;2,81720466
"38";"Bothriechis_nigroviridis";4;2,607276264
"39";"Bothriechis_rowleyi";4;2,868121743
"40";"Bothriechis_schlegelii";4;2,712649702
"41";"Bothriechis_supercilliaris";4;2,505149978
"42";"Bothriechis_thalassinus";4;2,828874628
"43";"Bothrocophias_campbelli";3;2,829303773
"44";"Bothrocophias_hyoprora";3;2,608407163
"45";"Bothrocophias_microphthalmus";3;2,649334859
"46";"Bothrops_alcatraz";4;2,664955206
"47";"Bothrops_alternatus";2;2,889612913
"48";"Bothrops_ammodytoides";2;2,654176542
"49";"Bothrops_asper";3;3,093946724
"50";"Bothrops_atrox";3;2,960708552
"51";"Bothrops_barnettii";2;2,778693779
"52";"Bothrops_bilineatus";4;2,731051272
"53";"Bothrops_brazili";3;2,925312091
"54";"Bothrops_caribbaeus";3;3,039909606
"55";"Bothrops_chloromelas";4;2,756636108
"56";"Bothrops_cotiara";1;2,862557284
"57";"Bothrops_diporus";2;2,701567985
"58";"Bothrops_erythromelas";2;2,680637631
"59";"Bothrops_fonsecai";1;2,889301703
"60";"Bothrops_insularis";4;2,819872822
"61";"Bothrops_itapetiningae";2;2,593286067
"62";"Bothrops_jararaca";3;2,920665053
"63";"Bothrops_jararacussu";3;2,997823081
"64";"Bothrops_lanceolatus";3;3,075455713
"65";"Bothrops_leucurus";3;2,887898488
"66";"Bothrops_lojanus";3;2,71130096
"67";"Bothrops_lutzi";2;2,740757323
"68";"Bothrops_marmoratus";2;2,717254313
"69";"Bothrops_mattogrossensis";2;2,803457116
"70";"Bothrops_moojeni";3;2,936136587
"71";"Bothrops_neuwiedi";2;2,833704768
"72";"Bothrops_pauloensis";2;2,82069395
"73";"Bothrops_pictus";2;2,839949168
"74";"Bothrops_pubescens";3;2,843855423
"75";"Bothrops_pulchra";4;2,770115295
"76";"Bothrops_punctatus";4;2,886490725
"77";"Bothrops_taeniata";4;2,848804701
"78";"Calloselasma_rhodostoma";3;2,809335215
"79";"Causus_defilippii";2;2,473568063
"80";"Causus_lichtensteini";3;2,616550528
"81";"Causus_resimus";2;2,72611567
"82";"Causus_rhombeatus";2;2,747855532
"83";"Cerastes_cerastes";2;2,727703884
"84";"Cerastes_gasperettii";2;2,733999287
"85";"Cerastes_vipera";2;2,535505096
"86";"Cerrophidion_barbouri";3;2,645094624
"87";"Cerrophidion_godmani";1;2,808548551
"88";"Cerrophidion_petlalcalensis";3;2,537819095
"89";"Cerrophidion_sasai";3;2,765668555
"90";"Cerrophidion_tzotzilorum";3;2,568201724
"91";"Crotalus_adamanteus";1;3,174544349
"92";"Crotalus_aquilus";2;2,8162413
"93";"Crotalus_atrox";2;3,073473953
"94";"Crotalus_basiliscus";3;3,10222783
"95";"Crotalus_catalinensis";2;2,998259338
"96";"Crotalus_cerastes";2;2,713805439
"97";"Crotalus_cerberus";2;2,961895474
"98";"Crotalus_culminatus";2;3,08754481
"99";"Crotalus_durissus";2;2,983175072
"100";"Crotalus_enyo";2;2,848650887
"101";"Crotalus_ericsmithi";3;2,703291378
"102";"Crotalus_horridus";3;3,096098572
"103";"Crotalus_intermedius";3;2,717393087
"104";"Crotalus_lannomi";3;2,692846919
"105";"Crotalus_lepidus";1;2,819073665
"106";"Crotalus_mitchellii";2;2,945796726
"107";"Crotalus_molossus";1;3,053398602
"108";"Crotalus_oreganus";1;2,912434633
"109";"Crotalus_ornatus";1;3,054995862
"110";"Crotalus_polystictus";2;2,891119129
"111";"Crotalus_pricei";1;2,696028578
"112";"Crotalus_pusillus";2;2,751938625
"113";"Crotalus_ravus";1;2,836535092
"114";"Crotalus_ruber";2;3,026992646
"115";"Crotalus_scutulatus";2;2,869583708
"116";"Crotalus_simus";1;3,069889997
"117";"Crotalus_stejnegeri";3;2,772321707
"118";"Crotalus_tancitarensis";3;2,60906055
"119";"Crotalus_tigris";2;2,823865309
"120";"Crotalus_tortugensis";2;3,032618761
"121";"Crotalus_totonacus";3;3,039810554
"122";"Crotalus_transversus";2;2,489958479
"123";"Crotalus_triseriatus";1;2,726013663
"124";"Crotalus_tzcaban";1;3,034494766
"125";"Crotalus_viridis";1;2,978089173
"126";"Crotalus_willardi";1;2,795880017
"127";"Daboia_deserti";2;2,952792443
"128";"Daboia_mauritanica";2;2,930312142
"129";"Daboia_palaestinae";3;2,887504774
"130";"Daboia_russellii";1;2,964448208
"131";"Deinagkistrodon_acutus";1;2,990338855
"132";"Echis_carinatus";2;2,709948017
"133";"Echis_coloratus";2;2,757111214
"134";"Echis_jogeri";1;2,447158031
"135";"Echis_khosatzkii";2;2,625312451
"136";"Echis_leucogaster";2;2,672493691
"137";"Echis_ocellatus";1;2,675123396
"138";"Echis_omanensis";2;2,715167358
"139";"Echis_pyramidum";2;2,664328519
"140";"Eristicophis_macmahoni";2;2,727703884
"141";"Garthius_chaseni";3;2,62324929
"142";"Gloydius_blomhoffi";2;2,677264674
"143";"Gloydius_brevicaudus";2;2,726144811
"144";"Gloydius_halys";2;2,744814345
"145";"Gloydius_intermedius";3;2,755684334
"146";"Gloydius_saxatilis";3;2,80304721
"147";"Gloydius_shedaoensis";4;2,806010295
"148";"Gloydius_strauchi";2;2,619875609
"149";"Gloydius_ussuriensis";2;2,656673046
"150";"Hypnale_hypnale";3;2,489114369
"151";"Hypnale_nepa";3;2,424337067
"152";"Hypnale_zara";3;2,511883361
"153";"Lachesis_acrochorda";3;3,255393126
"154";"Lachesis_melanocephala";3;3,284543523
"155";"Lachesis_muta";3;3,286082046
"156";"Lachesis_stenophrys";3;3,285512302
"157";"Macrovipera_lebetina";2;2,980836296
"158";"Macrovipera_schweizeri";2;2,746244872
"159";"Mixcoatlus_browni";3;2,545307116
"160";"Montivipera_albizona";2;2,809335215
"161";"Montivipera_bornmuelleri";2;2,703864326
"162";"Montivipera_latifii";2;2,793790385
"163";"Montivipera_raddei";2;2,863471566
"164";"Montivipera_wagneri";2;2,759667845
"165";"Montivipera_xanthina";2;2,903167533
"166";"Ophryacus_melanurus";1;2,645749668
"167";"Ophryacus_undulatus";4;2,805802819
"168";"Ovophis_monticola";2;2,728624286
"169";"Ovophis_okinavensis";3;2,736237099
"170";"Ovophis_tonkinensis";3;2,723455672
"171";"Ovophis_zayuensis";3;2,796574333
"172";"Porthidium_arcosae";3;2,668385917
"173";"Porthidium_dunni";3;2,573580655
"174";"Porthidium_hespere";3;2,781755375
"175";"Porthidium_lansbergii";3;2,574898989
"176";"Porthidium_nasutum";3;2,555336328
"177";"Porthidium_ophryomegas";3;2,685841222
"178";"Porthidium_porrasi";3;2,604586015
"179";"Porthidium_yucatanicum";3;2,626750854
"180";"Proatheris_superciliaris";2;2,66133934
"181";"Protobothrops_cornutus";4;2,542825427
"182";"Protobothrops_dabieshanensis";1;2,84260924
"183";"Protobothrops_elegans";3;2,967391952
"184";"Protobothrops_flavoviridis";4;3,14343119
"185";"Protobothrops_jerdonii";4;2,937159534
"186";"Protobothrops_kaulbacki";1;3,086270827
"187";"Protobothrops_maolanensis";2;2,769377326
"188";"Protobothrops_mucrosquamatus";3;2,911224213
"189";"Protobothrops_sieversorum";3;3,025305865
"190";"Protobothrops_tokarensis";4;2,913018684
"191";"Pseudocerastes_persicus";2;2,866730271
"192";"Pseudocerastes_urarachnoides";2;2,764922985
"193";"Pseudocerastesfieldi";2;2,828531007
"194";"Sistrurus_catenatus";2;2,821731822
"195";"Sistrurus_miliarius";1;2,720434958
"196";"Trimeresurus_albolabris";4;2,721315881
"197";"Trimeresurus_andersonii";4;2,700991998
"198";"Trimeresurus_barati";4;2,708845638
"199";"Trimeresurus_borneensis";4;2,674401813
"200";"Trimeresurus_buniana";4;2,812244697
"201";"Trimeresurus_cantori";4;2,765109497
"202";"Trimeresurus_erythrurus";4;2,727676783
"203";"Trimeresurus_fasciatus";4;2,640481437
"204";"Trimeresurus_flavomaculatus";4;2,850850369
"205";"Trimeresurus_fucatus";4;2,789815656
"206";"Trimeresurus_gracilis";4;2,598790507
"207";"Trimeresurus_gramineus";4;2,725678329
"208";"Trimeresurus_gumprechti";4;2,75947898
"209";"Trimeresurus_hageni";4;2,813469788
"210";"Trimeresurus_insularis";4;2,710328958
"211";"Trimeresurus_kanburiensis";4;2,631443769
"212";"Trimeresurus_macrops";4;2,673810534
"213";"Trimeresurus_malabaricus";4;2,658774321
"214";"Trimeresurus_malcolmi";4;3,013047996
"215";"Trimeresurus_mcgregori";4;2,769967801
"216";"Trimeresurus_medoensis";4;2,693042636
"217";"Trimeresurus_nebularis";4;2,893206753
"218";"Trimeresurus_popeiorum";4;2,766536772
"219";"Trimeresurus_puniceus";4;2,700270937
"220";"Trimeresurus_purpureomaculatus";4;2,816351793
"221";"Trimeresurus_sabahi";4;2,815577748
"222";"Trimeresurus_schultzei";4;2,872738827
"223";"Trimeresurus_septentrionalis";4;2,802089258
"224";"Trimeresurus_stejnegeri";4;2,709269961
"225";"Trimeresurus_sumatranus";4;2,935759104
"226";"Trimeresurus_tibetanus";4;2,722633923
"227";"Trimeresurus_trigonocephalus";4;2,773786445
"228";"Trimeresurus_truongsonensis";4;2,697665163
"229";"Trimeresurus_venustus";4;2,591064607
"230";"Trimeresurus_vogeli";4;2,858897957
"231";"Trimeresurus_wiroti";4;2,685741739
"232";"Trimeresurus_yunnanensis";4;2,820037172
"233";"Tropidolaemus_subannulatus";4;2,787932534
"234";"Tropidolaemus_wagleri";4;2,769131058
"235";"Vipera_ammodytes";2;2,784487614
"236";"Vipera_aspis";2;2,733598461
"237";"Vipera_barani";1;2,652568637
"238";"Vipera_berus";2;2,659678556
"239";"Vipera_dinniki";2;2,564666064
"240";"Vipera_eriwanensis";2;2,515211304
"241";"Vipera_kaznakovi";1;2,612253906
"242";"Vipera_latastei";1;2,656481516
"243";"Vipera_nikolskii";1;2,612783857
"244";"Vipera_orlovi";1;2,579783597
"245";"Vipera_renardi";2;2,651708648
"246";"Vipera_seoanei";1;2,632023215
"247";"Vipera_transcaucasiana";2;2,756636108
"248";"Vipera_ursinii";2;2,589055531
